,Bio Guide ID,Name,Party,State,District Number,Senate End Year,Senate Start Year,House Start Year,House End Year,Current Senator,Current House Rep,Years in Senate,Years in House,Served in Senate,Served in House,Suffix,Nickname,Last,First_Actual,Middle
0,B001305,"Budd, Ted",Republican,North Carolina,,,2023.0,2017.0,2023.0,Y,N,0.0,6.0,Y,Y,,,Budd,Ted,
1,W000817,"Warren, Elizabeth",Democratic,Massachusetts,,,2013.0,,,Y,,10.0,,Y,N,,,Warren,Elizabeth,
2,W000802,"Whitehouse, Sheldon",Democratic,Rhode Island,,,2007.0,,,Y,,16.0,,Y,N,,,Whitehouse,Sheldon,
3,Y000064,"Young, Todd",Republican,Indiana,,,2017.0,2011.0,2017.0,Y,N,6.0,6.0,Y,Y,,,Young,Todd,
4,W000800,"Welch, Peter",Democratic,Vermont,,,2023.0,2007.0,2023.0,Y,N,0.0,16.0,Y,Y,,,Welch,Peter,
5,W000779,"Wyden, Ron",Democratic,Oregon,,,1996.0,1981.0,1996.0,Y,N,27.0,15.0,Y,Y,,,Wyden,Ron,
6,W000437,"Wicker, Roger F.",Republican,Mississippi,,,2007.0,1995.0,2007.0,Y,N,16.0,12.0,Y,Y,,,Wicker,Roger,F.
7,V000137,"Vance, J. D.",Republican,Ohio,,,2023.0,,,Y,,0.0,,Y,N,,,Vance,J.,D.
8,W000790,"Warnock, Raphael G.",Democratic,Georgia,,,2021.0,,,Y,,2.0,,Y,N,,,Warnock,Raphael,G.
9,T000278,"Tuberville, Tommy",Republican,Alabama,,,2021.0,,,Y,,2.0,,Y,N,,,Tuberville,Tommy,
10,T000476,"Tillis, Thomas",Republican,North Carolina,,,2015.0,,,Y,,8.0,,Y,N,,,Tillis,Thomas,
11,W000805,"Warner, Mark R.",Democratic,Virginia,,,2009.0,,,Y,,14.0,,Y,N,,,Warner,Mark,R.
12,T000250,"Thune, John",Republican,South Dakota,,,2005.0,1997.0,2003.0,Y,N,18.0,6.0,Y,Y,,,Thune,John,
13,V000128,"Van Hollen, Chris",Democratic,Maryland,,,2017.0,2003.0,2017.0,Y,N,6.0,14.0,Y,Y,,,Van Hollen,Chris,
14,S001203,"Smith, Tina",Democratic,Minnesota,,,2018.0,,,Y,,5.0,,Y,N,,,Smith,Tina,
15,S001198,"Sullivan, Dan",Republican,Alaska,,,2015.0,,,Y,,8.0,,Y,N,,,Sullivan,Dan,
16,S001191,"Sinema, Kyrsten",Independent,Arizona,,,2019.0,2013.0,2019.0,Y,N,4.0,6.0,Y,Y,,,Sinema,Kyrsten,
17,T000464,"Tester, Jon",Democratic,Montana,,,2007.0,,,Y,,16.0,,Y,N,,,Tester,Jon,
18,S001184,"Scott, Tim",Republican,South Carolina,,,2013.0,2011.0,2013.0,Y,N,10.0,2.0,Y,Y,,,Scott,Tim,
19,S001181,"Shaheen, Jeanne",Democratic,New Hampshire,,,2009.0,,,Y,,14.0,,Y,N,,,Shaheen,Jeanne,
20,S000770,"Stabenow, Debbie",Democratic,Michigan,,,2001.0,1997.0,2001.0,Y,N,22.0,4.0,Y,Y,,,Stabenow,Debbie,
21,S001227,"Schmitt, Eric",Republican,Missouri,,,2023.0,,,Y,,0.0,,Y,N,,,Schmitt,Eric,
22,S001217,"Scott, Rick",Republican,Florida,,,2019.0,,,Y,,4.0,,Y,N,,,Scott,Rick,
23,S001194,"Schatz, Brian",Democratic,Hawaii,,,2012.0,,,Y,,11.0,,Y,N,,,Schatz,Brian,
24,R000595,"Rubio, Marco",Republican,Florida,,,2011.0,,,Y,,12.0,,Y,N,,,Rubio,Marco,
25,S000148,"Schumer, Charles E.",Democratic,New York,,,1999.0,1981.0,1999.0,Y,N,24.0,18.0,Y,Y,,,Schumer,Charles,E.
26,S000033,"Sanders, Bernard",Independent,Vermont,,,2007.0,1991.0,2007.0,Y,N,16.0,16.0,Y,Y,,,Sanders,Bernard,
27,R000618,"Ricketts, Pete",Republican,Nebraska,,,2023.0,,,Y,,0.0,,Y,N,,,Ricketts,Pete,
28,R000615,"Romney, Mitt",Republican,Utah,,,2019.0,,,Y,,4.0,,Y,N,,,Romney,Mitt,
29,R000608,"Rosen, Jacky",Democratic,Nevada,,,2019.0,2017.0,2019.0,Y,N,4.0,2.0,Y,Y,,,Rosen,Jacky,
30,R000605,"Rounds, Mike",Republican,South Dakota,,,2015.0,,,Y,,8.0,,Y,N,,,Rounds,Mike,
31,P000595,"Peters, Gary C.",Democratic,Michigan,,,2015.0,2009.0,2015.0,Y,N,8.0,6.0,Y,Y,,,Peters,Gary,C.
32,R000584,"Risch, James E.",Republican,Idaho,,,2009.0,,,Y,,14.0,,Y,N,,,Risch,James,E.
33,R000122,"Reed, Jack",Democratic,Rhode Island,,,1997.0,1991.0,1997.0,Y,N,26.0,6.0,Y,Y,,,Reed,Jack,
34,P000145,"Padilla, Alex",Democratic,California,,,2021.0,,,Y,,2.0,,Y,N,,,Padilla,Alex,
35,O000174,"Ossoff, Jon",Democratic,Georgia,,,2021.0,,,Y,,2.0,,Y,N,,,Ossoff,Jon,
36,M001190,"Mullin, Markwayne",Republican,Oklahoma,,,2023.0,2013.0,2023.0,Y,N,0.0,10.0,Y,Y,,,Mullin,Markwayne,
37,P000603,"Paul, Rand",Republican,Kentucky,,,2011.0,,,Y,,12.0,,Y,N,,,Paul,Rand,
38,M001169,"Murphy, Christopher",Democratic,Connecticut,,,2013.0,2007.0,2013.0,Y,N,10.0,6.0,Y,Y,,,Murphy,Christopher,
39,M001111,"Murray, Patty",Democratic,Washington,,,1993.0,,,Y,,30.0,,Y,N,,,Murray,Patty,
40,M001153,"Murkowski, Lisa",Republican,Alaska,,,2003.0,,,Y,,20.0,,Y,N,,,Murkowski,Lisa,
41,M001198,"Marshall, Roger",Republican,Kansas,,,2021.0,2017.0,2021.0,Y,N,2.0,4.0,Y,Y,,,Marshall,Roger,
42,M001176,"Merkley, Jeff",Democratic,Oregon,,,2009.0,,,Y,,14.0,,Y,N,,,Merkley,Jeff,
43,M000934,"Moran, Jerry",Republican,Kansas,,,2011.0,1997.0,2011.0,Y,N,12.0,14.0,Y,Y,,,Moran,Jerry,
44,M000639,"Menendez, Robert",Democratic,New Jersey,,,2006.0,1993.0,2006.0,Y,N,17.0,13.0,Y,Y,,,Menendez,Robert,
45,M000133,"Markey, Edward J.",Democratic,Massachusetts,,,2013.0,1977.0,2013.0,Y,N,10.0,36.0,Y,Y,,,Markey,Edward,J.
46,M000355,"McConnell, Mitch",Republican,Kentucky,,,1985.0,,,Y,,38.0,,Y,N,,,McConnell,Mitch,
47,K000393,"Kennedy, John",Republican,Louisiana,,,2017.0,,,Y,,6.0,,Y,N,,,Kennedy,John,
48,K000383,"King, Angus S., ",Independent,Maine,,,2013.0,,,Y,,10.0,,Y,N,Jr.,,King,Angus,S.
49,K000367,"Klobuchar, Amy",Democratic,Minnesota,,,2007.0,,,Y,,16.0,,Y,N,,,Klobuchar,Amy,
50,L000577,"Lee, Mike",Republican,Utah,,,2011.0,,,Y,,12.0,,Y,N,,,Lee,Mike,
51,M001183,"Manchin, Joe, ",Democratic,West Virginia,,,2010.0,,,Y,,13.0,,Y,N,III,,Manchin,Joe,
52,L000575,"Lankford, James",Republican,Oklahoma,,,2015.0,2011.0,2015.0,Y,N,8.0,4.0,Y,Y,,,Lankford,James,
53,L000571,"Lummis, Cynthia M.",Republican,Wyoming,,,2021.0,2009.0,2017.0,Y,N,2.0,8.0,Y,Y,,,Lummis,Cynthia,M.
54,L000570,"Lujan, Ben Ray",Democratic,New Mexico,,,2021.0,2009.0,2021.0,Y,N,2.0,12.0,Y,Y,,,Lujan,Ben,Ray
55,H000273,"Hickenlooper, John W.",Democratic,Colorado,,,2021.0,,,Y,,2.0,,Y,N,,,Hickenlooper,John,W.
56,K000377,"Kelly, Mark",Democratic,Arizona,,,2020.0,,,Y,,3.0,,Y,N,,,Kelly,Mark,
57,H001079,"Hyde-Smith, Cindy",Republican,Mississippi,,,2018.0,,,Y,,5.0,,Y,N,,,Hyde-Smith,Cindy,
58,K000384,"Kaine, Tim",Democratic,Virginia,,,2013.0,,,Y,,10.0,,Y,N,,,Kaine,Tim,
59,J000293,"Johnson, Ron",Republican,Wisconsin,,,2011.0,,,Y,,12.0,,Y,N,,,Johnson,Ron,
60,H001061,"Hoeven, John",Republican,North Dakota,,,2011.0,,,Y,,12.0,,Y,N,,,Hoeven,John,
61,H001042,"Hirono, Mazie K.",Democratic,Hawaii,,,2013.0,2007.0,2013.0,Y,N,10.0,6.0,Y,Y,,,Hirono,Mazie,K.
62,H000601,"Hagerty, Bill",Republican,Tennessee,,,2021.0,,,Y,,2.0,,Y,N,,,Hagerty,Bill,
63,H001089,"Hawley, Josh",Republican,Missouri,,,2019.0,,,Y,,4.0,,Y,N,,,Hawley,Josh,
64,H001076,"Hassan, Margaret Wood",Democratic,New Hampshire,,,2017.0,,,Y,,6.0,,Y,N,,,Hassan,Margaret,Wood
65,G000555,"Gillibrand, Kirsten E.",Democratic,New York,,,2009.0,2007.0,2009.0,Y,N,14.0,2.0,Y,Y,,,Gillibrand,Kirsten,E.
66,H001046,"Heinrich, Martin",Democratic,New Mexico,,,2013.0,2009.0,2013.0,Y,N,10.0,4.0,Y,Y,,,Heinrich,Martin,
67,G000386,"Grassley, Chuck",Republican,Iowa,,,1981.0,1975.0,1981.0,Y,N,42.0,6.0,Y,Y,,,Grassley,Chuck,
68,G000359,"Graham, Lindsey",Republican,South Carolina,,,2003.0,1995.0,2003.0,Y,N,20.0,8.0,Y,Y,,,Graham,Lindsey,
69,F000479,"Fetterman, John",Democratic,Pennsylvania,,,2023.0,,,Y,,0.0,,Y,N,,,Fetterman,John,
70,E000295,"Ernst, Joni",Republican,Iowa,,,2015.0,,,Y,,8.0,,Y,N,,,Ernst,Joni,
71,F000463,"Fischer, Deb",Republican,Nebraska,,,2013.0,,,Y,,10.0,,Y,N,,,Fischer,Deb,
72,D000622,"Duckworth, Tammy",Democratic,Illinois,,,2017.0,2013.0,2017.0,Y,N,6.0,4.0,Y,Y,,,Duckworth,Tammy,
73,F000062,"Feinstein, Dianne",Democratic,California,,,1992.0,,,Y,,31.0,,Y,N,,,Feinstein,Dianne,
74,D000563,"Durbin, Richard J.",Democratic,Illinois,,,1997.0,1983.0,1997.0,Y,N,26.0,14.0,Y,Y,,,Durbin,Richard,J.
75,C001113,"Cortez Masto, Catherine",Democratic,Nevada,,,2017.0,,,Y,,6.0,,Y,N,,,Cortez Masto,Catherine,
76,C001098,"Cruz, Ted",Republican,Texas,,,2013.0,,,Y,,10.0,,Y,N,,,Cruz,Ted,
77,C001096,"Cramer, Kevin",Republican,North Dakota,,,2019.0,2013.0,2019.0,Y,N,4.0,6.0,Y,Y,,,Cramer,Kevin,
78,D000618,"Daines, Steve",Republican,Montana,,,2015.0,2013.0,2015.0,Y,N,8.0,2.0,Y,Y,,,Daines,Steve,
79,C001095,"Cotton, Tom",Republican,Arkansas,,,2015.0,2013.0,2015.0,Y,N,8.0,2.0,Y,Y,,,Cotton,Tom,
80,C001056,"Cornyn, John",Republican,Texas,,,2002.0,,,Y,,21.0,,Y,N,,,Cornyn,John,
81,C000880,"Crapo, Mike",Republican,Idaho,,,1999.0,1993.0,1999.0,Y,N,24.0,6.0,Y,Y,,,Crapo,Mike,
82,C001070,"Casey, Robert P., ",Democratic,Pennsylvania,,,2007.0,,,Y,,16.0,,Y,N,Jr.,,Casey,Robert,P.
83,C001088,"Coons, Christopher A.",Democratic,Delaware,,,2010.0,,,Y,,13.0,,Y,N,,,Coons,Christopher,A.
84,C001075,"Cassidy, Bill",Republican,Louisiana,,,2015.0,2009.0,2015.0,Y,N,8.0,6.0,Y,Y,,,Cassidy,Bill,
85,C001035,"Collins, Susan M.",Republican,Maine,,,1997.0,,,Y,,26.0,,Y,N,,,Collins,Susan,M.
86,C001047,"Capito, Shelley Moore",Republican,West Virginia,,,2015.0,2001.0,2015.0,Y,N,8.0,14.0,Y,Y,,,Capito,Shelley,Moore
87,C000174,"Carper, Thomas R.",Democratic,Delaware,,,2001.0,1983.0,1993.0,Y,N,22.0,10.0,Y,Y,,,Carper,Thomas,R.
88,C000141,"Cardin, Benjamin L.",Democratic,Maryland,,,2007.0,1987.0,2007.0,Y,N,16.0,20.0,Y,Y,,,Cardin,Benjamin,L.
89,B001319,"Britt, Katie Boyd",Republican,Alabama,,,2023.0,,,Y,,0.0,,Y,N,,,Britt,Katie,Boyd
90,B001310,"Braun, Mike",Republican,Indiana,,,2019.0,,,Y,,4.0,,Y,N,,,Braun,Mike,
91,B001236,"Boozman, John",Republican,Arkansas,,,2011.0,2001.0,2011.0,Y,N,12.0,10.0,Y,Y,,,Boozman,John,
92,C000127,"Cantwell, Maria",Democratic,Washington,,,2001.0,1993.0,1995.0,Y,N,22.0,2.0,Y,Y,,,Cantwell,Maria,
93,B000944,"Brown, Sherrod",Democratic,Ohio,,,2007.0,1993.0,2007.0,Y,N,16.0,14.0,Y,Y,,,Brown,Sherrod,
94,B001288,"Booker, Cory A.",Democratic,New Jersey,,,2013.0,,,Y,,10.0,,Y,N,,,Booker,Cory,A.
95,B001277,"Blumenthal, Richard",Democratic,Connecticut,,,2011.0,,,Y,,12.0,,Y,N,,,Blumenthal,Richard,
96,B001261,"Barrasso, John",Republican,Wyoming,,,2007.0,,,Y,,16.0,,Y,N,,,Barrasso,John,
97,B001267,"Bennet, Michael F.",Democratic,Colorado,,,2009.0,,,Y,,14.0,,Y,N,,,Bennet,Michael,F.
98,B001230,"Baldwin, Tammy",Democratic,Wisconsin,,,2013.0,1999.0,2013.0,Y,N,10.0,14.0,Y,Y,,,Baldwin,Tammy,
99,B001243,"Blackburn, Marsha",Republican,Tennessee,,,2019.0,2003.0,2019.0,Y,N,4.0,16.0,Y,Y,,,Blackburn,Marsha,
100,B000966,"Broyhill, James T.",Republican,North Carolina,,1987.0,1986.0,1963.0,1986.0,N,N,1.0,23.0,Y,Y,,,Broyhill,James,T.
101,A000017,"Abourezk, James",Democratic,South Dakota,,1979.0,1973.0,1971.0,1973.0,N,N,6.0,2.0,Y,Y,,,Abourezk,James,
102,D000566,"Durenberger, Dave",Republican,Minnesota,,1995.0,1977.0,,,N,,18.0,,Y,N,,,Durenberger,Dave,
103,S001197,"Sasse, Ben",Republican,Nebraska,,2023.0,2015.0,,,N,,8.0,,Y,N,,,Sasse,Ben,
104,P000449,"Portman, Rob",Republican,Ohio,,2023.0,2011.0,1993.0,2007.0,N,N,12.0,14.0,Y,Y,,,Portman,Rob,
105,T000461,"Toomey, Patrick",Republican,Pennsylvania,,2023.0,2011.0,1999.0,2005.0,N,N,12.0,6.0,Y,Y,,,Toomey,Patrick,
106,B000575,"Blunt, Roy",Republican,Missouri,,2023.0,2011.0,1997.0,2011.0,N,N,12.0,14.0,Y,Y,,,Blunt,Roy,
107,S000320,"Shelby, Richard C.",Republican,Alabama,,2023.0,1987.0,1979.0,1987.0,N,N,36.0,8.0,Y,Y,,,Shelby,Richard,C.
108,L000174,"Leahy, Patrick J.",Democratic,Vermont,,2023.0,1975.0,,,N,,48.0,,Y,N,,,Leahy,Patrick,J.
109,C000802,"Cotton, Norris",Republican,New Hampshire,,1977.0,1953.0,1947.0,1953.0,N,N,24.0,6.0,Y,Y,,,Cotton,Norris,
110,C000721,"Cook, Marlow W.",Republican,Kentucky,,1975.0,1967.0,,,N,,8.0,,Y,N,,,Cook,Marlow,W.
111,B001135,"Burr, Richard",Republican,North Carolina,,2023.0,2005.0,1995.0,2005.0,N,N,18.0,10.0,Y,Y,,,Burr,Richard,
112,I000024,"Inhofe, James M.",Republican,Oklahoma,,2023.0,1994.0,1987.0,1995.0,N,N,29.0,8.0,Y,Y,,,Inhofe,James,M.
113,L000594,"Loeffler, Kelly",Republican,Georgia,,2021.0,2020.0,,,N,,1.0,,Y,N,,,Loeffler,Kelly,
114,H001075,"Harris, Kamala D.",Democratic,California,,2021.0,2017.0,,,N,,4.0,,Y,N,,,Harris,Kamala,D.
115,J000300,"Jones, Doug",Democratic,Alabama,,2021.0,2018.0,,,N,,3.0,,Y,N,,,Jones,Doug,
116,S001202,"Strange, Luther",Republican,Alabama,,2018.0,2017.0,,,N,,1.0,,Y,N,,,Strange,Luther,
117,P000612,"Perdue, David",Republican,Georgia,,2021.0,2015.0,,,N,,6.0,,Y,N,,,Perdue,David,
118,M001197,"McSally, Martha",Republican,Arizona,,2020.0,2019.0,2015.0,2019.0,N,N,1.0,4.0,Y,Y,,,McSally,Martha,
119,W000818,"Walsh, John E.",Democratic,Montana,,2015.0,2014.0,,,N,,1.0,,Y,N,,,Walsh,John,E.
120,C001100,"Chiesa, Jeff",Republican,New Jersey,,2013.0,2013.0,,,N,,0.0,,Y,N,,,Chiesa,Jeff,
121,C001099,"Cowan, William M.",Democratic,Massachusetts,,2013.0,2013.0,,,N,,0.0,,Y,N,,,Cowan,William,M.
122,H001069,"Heitkamp, Heidi",Democratic,North Dakota,,2019.0,2013.0,,,N,,6.0,,Y,N,,,Heitkamp,Heidi,
123,K000360,"Kirk, Mark Steven",Republican,Illinois,,2017.0,2010.0,2001.0,2010.0,N,N,7.0,9.0,Y,Y,,,Kirk,Mark,Steven
124,O000167,"Obama, Barack",Democratic,Illinois,,2008.0,2005.0,,,N,,3.0,,Y,N,,,Obama,Barack,
125,C001071,"Corker, Bob",Republican,Tennessee,,2019.0,2007.0,,,N,,12.0,,Y,N,,,Corker,Bob,
126,W000803,"Webb, Jim",Democratic,Virginia,,2013.0,2007.0,,,N,,6.0,,Y,N,,,Webb,Jim,
127,M001170,"McCaskill, Claire",Democratic,Missouri,,2019.0,2007.0,,,N,,12.0,,Y,N,,,McCaskill,Claire,
128,T000254,"Thurmond, Strom",Republican,South Carolina,,2003.0,1953.0,,,N,,50.0,,Y,N,,,Thurmond,Strom,
129,A000368,"Ayotte, Kelly",Republican,New Hampshire,,2017.0,2011.0,,,N,,6.0,,Y,N,,,Ayotte,Kelly,
130,G000561,"Goodwin, Carte Patrick",Democratic,West Virginia,,2010.0,2010.0,,,N,,0.0,,Y,N,,,Goodwin,Carte,Patrick
131,B001268,"Brown, Scott P.",Republican,Massachusetts,,2013.0,2010.0,,,N,,3.0,,Y,N,,,Brown,Scott,P.
132,L000572,"LeMieux, George S.",Republican,Florida,,2011.0,2009.0,,,N,,2.0,,Y,N,,,LeMieux,George,S.
133,M001162,"Martinez, Mel",Republican,Florida,,2009.0,2005.0,,,N,,4.0,,Y,N,,,Martinez,Mel,
134,F000457,"Franken, Al",Democratic,Minnesota,,2018.0,2009.0,,,N,,9.0,,Y,N,,,Franken,Al,
135,G000562,"Gardner, Cory",Republican,Colorado,,2021.0,2015.0,2011.0,2015.0,N,N,6.0,4.0,Y,Y,,,Gardner,Cory,
136,K000374,"Kirk, Paul Grattan, ",Democratic,Massachusetts,,2010.0,2009.0,,,N,,1.0,,Y,N,Jr.,,Kirk,Paul,Grattan
137,S001163,"Salazar, Ken",Democratic,Colorado,,2009.0,2005.0,,,N,,4.0,,Y,N,,,Salazar,Ken,
138,C001041,"Clinton, Hillary Rodham",Democratic,New York,,2009.0,2001.0,,,N,,8.0,,Y,N,,,Clinton,Hillary,Rodham
139,H001041,"Heller, Dean",Republican,Nevada,,2019.0,2011.0,2007.0,2011.0,N,N,8.0,4.0,Y,Y,,,Heller,Dean,
140,D000607,"Donnelly, Joe",Democratic,Indiana,,2019.0,2013.0,2007.0,2013.0,N,N,6.0,6.0,Y,Y,,,Donnelly,Joe,
141,K000373,"Kaufman, Edward E.",Democratic,Delaware,,2010.0,2009.0,,,N,,1.0,,Y,N,,,Kaufman,Edward,E.
142,B001266,"Burris, Roland",Democratic,Illinois,,2010.0,2009.0,,,N,,1.0,,Y,N,,,Burris,Roland,
143,H001049,"Hagan, Kay R.",Democratic,North Carolina,,2015.0,2009.0,,,N,,6.0,,Y,N,,,Hagan,Kay,R.
144,J000291,"Johanns, Mike",Republican,Nebraska,,2015.0,2009.0,,,N,,6.0,,Y,N,,,Johanns,Mike,
145,B001265,"Begich, Mark",Democratic,Alaska,,2015.0,2009.0,,,N,,6.0,,Y,N,,,Begich,Mark,
146,K000333,"Krueger, Robert C.",Democratic,Texas,,1995.0,1993.0,1975.0,1979.0,N,N,2.0,4.0,Y,Y,,,Krueger,Robert,C.
147,D000294,"DeWine, Mike",Republican,Ohio,,2007.0,1995.0,1983.0,1991.0,N,N,12.0,8.0,Y,Y,,,DeWine,Mike,
148,D000064,"Daschle, Thomas A.",Democratic,South Dakota,,2005.0,1987.0,1979.0,1987.0,N,N,18.0,8.0,Y,Y,,,Daschle,Thomas,A.
149,R000146,"Reid, Harry",Democratic,Nevada,,2017.0,1987.0,1983.0,1987.0,N,N,30.0,4.0,Y,Y,,,Reid,Harry,
150,Q000007,"Quayle, Dan",Republican,Indiana,,1991.0,1981.0,1977.0,1981.0,N,N,10.0,4.0,Y,Y,,,Quayle,Dan,
151,P000513,"Pressler, Larry",Republican,South Dakota,,1997.0,1979.0,1975.0,1979.0,N,N,18.0,4.0,Y,Y,,,Pressler,Larry,
152,P000218,"Pepper, Claude",Democratic,Florida,18.0,1951.0,1935.0,1963.0,1991.0,N,N,16.0,28.0,Y,Y,,,Pepper,Claude,
153,I000055,"Isakson, Johnny",Republican,Georgia,,2019.0,2005.0,1999.0,2005.0,N,N,14.0,6.0,Y,Y,,,Isakson,Johnny,
154,D000595,"DeMint, Jim",Republican,South Carolina,,2013.0,2005.0,1999.0,2005.0,N,N,8.0,6.0,Y,Y,,,DeMint,Jim,
155,U000038,"Udall, Mark",Democratic,Colorado,,2015.0,2009.0,1999.0,2009.0,N,N,6.0,10.0,Y,Y,,,Udall,Mark,
156,V000126,"Voinovich, George V.",Republican,Ohio,,2011.0,1999.0,,,N,,12.0,,Y,N,,,Voinovich,George,V.
157,E000286,"Edwards, John",Democratic,North Carolina,,2005.0,1999.0,,,N,,6.0,,Y,N,,,Edwards,John,
158,B001233,"Bayh, Evan",Democratic,Indiana,,2011.0,1999.0,,,N,,12.0,,Y,N,,,Bayh,Evan,
159,F000442,"Fitzgerald, Peter",Republican,Illinois,,2005.0,1999.0,,,N,,6.0,,Y,N,,,Fitzgerald,Peter,
160,V000127,"Vitter, David",Republican,Louisiana,,2017.0,2005.0,1999.0,2005.0,N,N,12.0,6.0,Y,Y,,,Vitter,David,
161,U000039,"Udall, Tom",Democratic,New Mexico,,2021.0,2009.0,1999.0,2009.0,N,N,12.0,10.0,Y,Y,,,Udall,Tom,
162,S001141,"Sessions, Jeff",Republican,Alabama,,2017.0,1997.0,,,N,,20.0,,Y,N,,,Sessions,Jeff,
163,H001028,"Hagel, Chuck",Republican,Nebraska,,2009.0,1997.0,,,N,,12.0,,Y,N,,,Hagel,Chuck,
164,E000285,"Enzi, Michael B.",Republican,Wyoming,,2021.0,1997.0,,,N,,24.0,,Y,N,,,Enzi,Michael,B.
165,C001034,"Cleland, Max",Democratic,Georgia,,2003.0,1997.0,,,N,,6.0,,Y,N,,,Cleland,Max,
166,S001078,"Sununu, John E.",Republican,New Hampshire,,2009.0,2003.0,1997.0,2003.0,N,N,6.0,6.0,Y,Y,,,Sununu,John,E.
167,Z000013,"Zorinsky, Edward",Democratic,Nebraska,,1989.0,1977.0,,,N,,12.0,,Y,N,,,Zorinsky,Edward,
168,Y000047,"Young, Milton R.",Republican,North Dakota,,1981.0,1945.0,,,N,,36.0,,Y,N,,,Young,Milton,R.
169,W000665,"Wofford, Harris",Democratic,Pennsylvania,,1995.0,1991.0,,,N,,4.0,,Y,N,,,Wofford,Harris,
170,W000607,"Wilson, Pete",Republican,California,,1993.0,1983.0,,,N,,10.0,,Y,N,,,Wilson,Pete,
171,W000502,"Williams, Harrison A., ",Democratic,New Jersey,,1982.0,1959.0,1953.0,1957.0,N,N,23.0,4.0,Y,Y,Jr.,,Williams,Harrison,A.
172,W000288,"Wellstone, Paul D.",Democratic,Minnesota,,2002.0,1991.0,,,N,,11.0,,Y,N,,,Wellstone,Paul,D.
173,W000253,"Weicker, Lowell P., ",Republican,Connecticut,,1989.0,1973.0,1969.0,1971.0,N,N,16.0,2.0,Y,Y,Jr.,,Weicker,Lowell,P.
174,W000092,"Wallop, Malcolm",Republican,Wyoming,,1995.0,1977.0,,,N,,18.0,,Y,N,,,Wallop,Malcolm,
175,T000410,"Tunney, John V.",Democratic,California,,1977.0,1973.0,1965.0,1973.0,N,N,4.0,8.0,Y,Y,,,Tunney,John,V.
176,T000322,"Tower, John G.",Republican,Texas,,1985.0,1961.0,,,N,,24.0,,Y,N,,,Tower,John,G.
177,T000457,"Thompson, Fred",Republican,Tennessee,,2003.0,1994.0,,,N,,9.0,,Y,N,,,Thompson,Fred,
178,B000401,"Bentsen, Lloyd M.",Democratic,Texas,,1993.0,1971.0,1947.0,1955.0,N,N,22.0,8.0,Y,Y,,,Bentsen,Lloyd,M.
179,B000384,"Bennett, Wallace F.",Republican,Utah,,1975.0,1951.0,,,N,,24.0,,Y,N,,,Bennett,Wallace,F.
180,B000382,"Bennett, Robert F.",Republican,Utah,,2011.0,1993.0,,,N,,18.0,,Y,N,,,Bennett,Robert,F.
181,B000351,"Bellmon, Henry L.",Republican,Oklahoma,,1981.0,1969.0,,,N,,12.0,,Y,N,,,Bellmon,Henry,L.
182,B000272,"Beall, J. Glenn, ",Republican,Maryland,,1977.0,1973.0,1969.0,1971.0,N,N,4.0,2.0,Y,Y,Jr.,,Beall,J.,Glenn
183,B000254,"Bayh, Birch",Democratic,Indiana,,1981.0,1963.0,,,N,,18.0,,Y,N,,,Bayh,Birch,
184,B000200,"Bartlett, Dewey F.",Republican,Oklahoma,,1979.0,1973.0,,,N,,6.0,,Y,N,,,Bartlett,Dewey,F.
185,B000063,"Baker, Howard H., ",Republican,Tennessee,,1985.0,1967.0,,,N,,18.0,,Y,N,Jr.,,Baker,Howard,H.
186,A000356,"Ashcroft, John",Republican,Missouri,,2001.0,1995.0,,,N,,6.0,,Y,N,,,Ashcroft,John,
187,A000202,"Anderson, Wendell R.",Democratic,Minnesota,,1979.0,1977.0,,,N,,2.0,,Y,N,,,Anderson,Wendell,R.
188,A000139,"Allen, Maryon",Democratic,Alabama,,1979.0,1977.0,,,N,,2.0,,Y,N,,,Allen,Maryon,
189,A000127,"Allen, James B.",Democratic,Alabama,,1979.0,1969.0,,,N,,10.0,,Y,N,,,Allen,James,B.
190,A000062,"Aiken, George",Republican,Vermont,,1975.0,1941.0,,,N,,34.0,,Y,N,,,Aiken,George,
191,A000355,"Abraham, Spencer",Republican,Michigan,,2001.0,1995.0,,,N,,6.0,,Y,N,,,Abraham,Spencer,
192,W000782,"Wyman, Louis C.",Republican,New Hampshire,,1975.0,1974.0,1963.0,1965.0,N,N,1.0,2.0,Y,Y,,,Wyman,Louis,C.
193,W000647,"Wirth, Timothy",Democratic,Colorado,,1993.0,1987.0,1975.0,1987.0,N,N,6.0,12.0,Y,Y,,,Wirth,Timothy,
194,T000393,"Tsongas, Paul E.",Democratic,Massachusetts,,1985.0,1979.0,1975.0,1979.0,N,N,6.0,4.0,Y,Y,,,Tsongas,Paul,E.
195,T000367,"Trible, Paul S., ",Republican,Virginia,,1989.0,1983.0,1977.0,1983.0,N,N,6.0,6.0,Y,Y,Jr.,,Trible,Paul,S.
196,T000317,"Torricelli, Robert G.",Democratic,New Jersey,,2003.0,1997.0,1983.0,1997.0,N,N,6.0,14.0,Y,Y,,,Torricelli,Robert,G.
197,T000162,"Thomas, Craig",Republican,Wyoming,,2007.0,1995.0,1989.0,1995.0,N,N,12.0,6.0,Y,Y,,,Thomas,Craig,
198,T000024,"Talent, Jim",Republican,Missouri,,2007.0,2002.0,1993.0,2001.0,N,N,5.0,8.0,Y,Y,,,Talent,Jim,
199,S001138,"Symms, Steven D.",Republican,Idaho,,1993.0,1981.0,1973.0,1981.0,N,N,12.0,8.0,Y,Y,,,Symms,Steven,D.
200,S000663,"Snowe, Olympia J.",Republican,Maine,,2013.0,1995.0,1979.0,1995.0,N,N,18.0,16.0,Y,Y,,,Snowe,Olympia,J.
201,S000606,"Smith, Bob",Republican,New Hampshire,,2003.0,1991.0,1985.0,1991.0,N,N,12.0,6.0,Y,Y,,,Smith,Bob,
202,S000423,"Simon, Paul",Democratic,Illinois,,1997.0,1985.0,1975.0,1985.0,N,N,12.0,10.0,Y,Y,,,Simon,Paul,
203,S000064,"Sarbanes, Paul S.",Democratic,Maryland,,2007.0,1977.0,1971.0,1977.0,N,N,30.0,6.0,Y,Y,,,Sarbanes,Paul,S.
204,S000059,"Santorum, Rick",Republican,Pennsylvania,,2007.0,1995.0,1991.0,1995.0,N,N,12.0,4.0,Y,Y,,,Santorum,Rick,
205,R000307,"Roberts, Pat",Republican,Kansas,,2021.0,1997.0,1981.0,1997.0,N,N,24.0,16.0,Y,Y,,,Roberts,Pat,
206,R000249,"Riegle, Donald W., ",Democratic,Michigan,,1995.0,1977.0,1967.0,1977.0,N,N,18.0,10.0,Y,Y,Jr.,,Riegle,Donald,W.
207,B000780,"Breaux, John B.",Democratic,Louisiana,,2005.0,1987.0,1971.0,1987.0,N,N,18.0,16.0,Y,Y,,,Breaux,John,B.
208,B000711,"Boxer, Barbara",Democratic,California,,2017.0,1993.0,1983.0,1993.0,N,N,24.0,10.0,Y,Y,,,Boxer,Barbara,
209,N000032,"Nelson, Bill",Democratic,Florida,,2019.0,2001.0,1979.0,1991.0,N,N,18.0,12.0,Y,Y,,,Nelson,Bill,
210,M000702,"Mikulski, Barbara A.",Democratic,Maryland,,2017.0,1987.0,1977.0,1987.0,N,N,30.0,10.0,Y,Y,,,Mikulski,Barbara,A.
211,M000635,"Melcher, John",Democratic,Montana,,1989.0,1977.0,1969.0,1977.0,N,N,12.0,8.0,Y,Y,,,Melcher,John,
212,M000303,"McCain, John",Republican,Arizona,,2018.0,1987.0,1983.0,1987.0,N,N,31.0,4.0,Y,Y,,,McCain,John,
213,M000250,"Matsunaga, Spark M.",Democratic,Hawaii,,1991.0,1977.0,1963.0,1977.0,N,N,14.0,14.0,Y,Y,,,Matsunaga,Spark,M.
214,M000019,"Mack, Connie, ",Republican,Florida,,2001.0,1989.0,1983.0,1989.0,N,N,12.0,6.0,Y,Y,III,,Mack,Connie,
215,L000447,"Lott, Trent",Republican,Mississippi,,2007.0,1989.0,1973.0,1989.0,N,N,18.0,16.0,Y,Y,,,Lott,Trent,
216,T000035,"Talmadge, Herman E.",Democratic,Georgia,,1981.0,1957.0,,,N,,24.0,,Y,N,,,Talmadge,Herman,E.
217,T000010,"Taft, Robert, ",Republican,Ohio,,1977.0,1971.0,1963.0,1965.0,N,N,6.0,2.0,Y,Y,Jr.,,Taft,Robert,
218,S001136,"Symington, Stuart",Democratic,Missouri,,1977.0,1953.0,,,N,,24.0,,Y,N,,,Symington,Stuart,
219,S000962,"Stone, Richard ",Democratic,Florida,,1981.0,1975.0,,,N,,6.0,,Y,N,,Dick,Stone,Richard,
220,S000907,"Stewart, Donald",Democratic,Alabama,,1981.0,1977.0,,,N,,4.0,,Y,N,,,Stewart,Donald,
221,S000890,"Stevenson, Adlai E., ",Democratic,Illinois,,1981.0,1969.0,,,N,,12.0,,Y,N,III,,Stevenson,Adlai,E.
222,S000888,"Stevens, Ted",Republican,Alaska,,2009.0,1967.0,,,N,,42.0,,Y,N,,,Stevens,Ted,
223,S000852,"Stennis, John C.",Democratic,Mississippi,,1989.0,1947.0,,,N,,42.0,,Y,N,,,Stennis,John,C.
224,S000776,"Stafford, Robert T.",Republican,Vermont,,1989.0,1971.0,1961.0,1971.0,N,N,18.0,10.0,Y,Y,,,Stafford,Robert,T.
225,S000709,"Specter, Arlen",Democratic,Pennsylvania,,2011.0,1981.0,,,N,,30.0,,Y,N,,,Specter,Arlen,
226,S000701,"Sparkman, John J.",Democratic,Alabama,,1979.0,1945.0,1937.0,1945.0,N,N,34.0,8.0,Y,Y,,,Sparkman,John,J.
227,S000429,"Simpson, Alan K.",Republican,Wyoming,,1997.0,1979.0,,,N,,18.0,,Y,N,,,Simpson,Alan,K.
228,S000269,"Seymour, John",Republican,California,,1993.0,1991.0,,,N,,2.0,,Y,N,,,Seymour,John,
229,S000189,"Scott, William Lloyd",Republican,Virginia,,1979.0,1973.0,1967.0,1973.0,N,N,6.0,6.0,Y,Y,,,Scott,William,Lloyd
230,S000174,"Scott, Hugh",Republican,Pennsylvania,,1977.0,1959.0,1941.0,1945.0,N,N,18.0,4.0,Y,Y,,,Scott,Hugh,
231,S000159,"Schweiker, Richard S.",Republican,Pennsylvania,,1981.0,1969.0,1961.0,1969.0,N,N,12.0,8.0,Y,Y,,,Schweiker,Richard,S.
232,S000132,"Schmitt, Harrison H.",Republican,New Mexico,,1983.0,1977.0,,,N,,6.0,,Y,N,,,Schmitt,Harrison,H.
233,S000096,"Saxbe, William B.",Republican,Ohio,,1975.0,1969.0,,,N,,6.0,,Y,N,,,Saxbe,William,B.
234,S000068,"Sasser, Jim",Democratic,Tennessee,,1995.0,1977.0,,,N,,18.0,,Y,N,,,Sasser,Jim,
235,S000055,"Sanford, Terry",Democratic,North Carolina,,1993.0,1985.0,,,N,,8.0,,Y,N,,,Sanford,Terry,
236,R000497,"Rudman, Warren",Republican,New Hampshire,,1993.0,1981.0,,,N,,12.0,,Y,N,,,Rudman,Warren,
237,R000460,"Roth , William V.",Republican,Delaware,,2001.0,1969.0,1967.0,1969.0,N,N,32.0,2.0,Y,Y,Jr.,,Roth ,William,V.
238,R000361,"Rockefeller, John D., ",Democratic,West Virginia,,2015.0,1985.0,,,N,,30.0,,Y,N,IV,,Rockefeller,John,D.
239,R000295,"Robb, Charles S.",Democratic,Virginia,,2001.0,1989.0,,,N,,12.0,,Y,N,,,Robb,Charles,S.
240,R000191,"Ribicoff, Abraham A.",Democratic,Connecticut,,1981.0,1963.0,1949.0,1953.0,N,N,18.0,4.0,Y,Y,,,Ribicoff,Abraham,A.
241,R000046,"Randolph, Jennings",Democratic,West Virginia,,1985.0,1957.0,1933.0,1947.0,N,N,28.0,14.0,Y,Y,,,Randolph,Jennings,
242,P000556,"Pryor, David H.",Democratic,Arkansas,,1997.0,1979.0,1965.0,1973.0,N,N,18.0,8.0,Y,Y,,,Pryor,David,H.
243,P000553,"Proxmire, William",Democratic,Wisconsin,,1989.0,1957.0,,,N,,32.0,,Y,N,,,Proxmire,William,
244,P000222,"Percy, Charles H.",Republican,Illinois,,1985.0,1967.0,,,N,,18.0,,Y,N,,,Percy,Charles,H.
245,P000193,"Pell, Claiborne",Democratic,Rhode Island,,1997.0,1961.0,,,N,,36.0,,Y,N,,,Pell,Claiborne,
246,P000166,"Pearson, James B.",Republican,Kansas,,1979.0,1961.0,,,N,,18.0,,Y,N,,,Pearson,James,B.
247,P000100,"Pastore, John O.",Democratic,Rhode Island,,1977.0,1949.0,,,N,,28.0,,Y,N,,,Pastore,John,O.
248,P000009,"Packwood, Bob",Republican,Oregon,,1997.0,1969.0,,,N,,28.0,,Y,N,,,Packwood,Bob,
249,N000171,"Nunn, Sam",Democratic,Georgia,,1997.0,1971.0,,,N,,26.0,,Y,N,,,Nunn,Sam,
250,N000102,"Nickles, Don",Republican,Oklahoma,,2005.0,1981.0,,,N,,24.0,,Y,N,,,Nickles,Don,
251,N000033,"Nelson, Gaylord",Democratic,Wisconsin,,1981.0,1963.0,,,N,,18.0,,Y,N,,,Nelson,Gaylord,
252,M001121,"Muskie, Edmund S.",Democratic,Maine,,1981.0,1959.0,,,N,,22.0,,Y,N,,,Muskie,Edmund,S.
253,M001085,"Murkowski, Frank H.",Republican,Alaska,,2002.0,1981.0,,,N,,21.0,,Y,N,,,Murkowski,Frank,H.
254,M001054,"Moynihan, Daniel Patrick",Democratic,New York,,2001.0,1977.0,,,N,,24.0,,Y,N,,,Moynihan,Daniel,Patrick
255,M001033,"Moss, Frank E.",Democratic,Utah,,1977.0,1959.0,,,N,,18.0,,Y,N,,,Moss,Frank,E.
256,M001025,"Moseley-Braun, Carol",Democratic,Illinois,,1999.0,1993.0,,,N,,6.0,,Y,N,,,Moseley-Braun,Carol,
257,M000956,"Morgan, Robert B.",Democratic,North Carolina,,1981.0,1975.0,,,N,,6.0,,Y,N,,,Morgan,Robert,B.
258,M000876,"Montoya, Joseph M.",Democratic,New Mexico,,1977.0,1963.0,1957.0,1963.0,N,N,14.0,6.0,Y,Y,,,Montoya,Joseph,M.
259,M000851,"Mondale, Walter F.",Democratic,Minnesota,,1977.0,1963.0,,,N,,14.0,,Y,N,,,Mondale,Walter,F.
260,M000811,"Mitchell, George J.",Democratic,Maine,,1995.0,1979.0,,,N,,16.0,,Y,N,,,Mitchell,George,J.
261,M000678,"Metzenbaum, Howard M.",Democratic,Ohio,,1975.0,1973.0,,,N,,2.0,,Y,N,,,Metzenbaum,Howard,M.
262,M000671,"Metcalf, Lee",Democratic,Montana,,1979.0,1961.0,1953.0,1961.0,N,N,18.0,8.0,Y,Y,,,Metcalf,Lee,
263,M000486,"McIntyre, Thomas J.",Democratic,New Hampshire,,1979.0,1961.0,,,N,,18.0,,Y,N,,,McIntyre,Thomas,J.
264,M000452,"McGovern, George",Democratic,South Dakota,,1981.0,1963.0,1957.0,1961.0,N,N,18.0,4.0,Y,Y,,,McGovern,George,
265,M000445,"McGee, Gale W.",Democratic,Wyoming,,1977.0,1959.0,,,N,,18.0,,Y,N,,,McGee,Gale,W.
266,M000346,"McClure, James A.",Republican,Idaho,,1991.0,1973.0,1967.0,1973.0,N,N,18.0,6.0,Y,Y,,,McClure,James,A.
267,M000332,"McClellan, John L.",Democratic,Arkansas,,1979.0,1973.0,1935.0,1939.0,N,N,6.0,4.0,Y,Y,,,McClellan,John,L.
268,M000257,"Mattingly, Mack",Republican,Georgia,,1987.0,1981.0,,,N,,6.0,,Y,N,,,Mattingly,Mack,
269,M000241,"Mathias, Charles McC., ",Republican,Maryland,,1987.0,1973.0,1961.0,1969.0,N,N,14.0,8.0,Y,Y,Jr.,,Mathias,Charles,McC.
270,M000236,"Mathews, Harlan",Democratic,Tennessee,,1995.0,1993.0,,,N,,2.0,,Y,N,,,Mathews,Harlan,
271,M000113,"Mansfield, Mike",Democratic,Montana,,1977.0,1953.0,1943.0,1953.0,N,N,24.0,10.0,Y,Y,,,Mansfield,Mike,
272,M000053,"Magnuson, Warren G.",Democratic,Washington,,1981.0,1945.0,1937.0,1943.0,N,N,36.0,6.0,Y,Y,,,Magnuson,Warren,G.
273,L000504,"Lugar, Richard G.",Republican,Indiana,,2013.0,1977.0,,,N,,36.0,,Y,N,,,Lugar,Richard,G.
274,L000428,"Long, Russell B.",Democratic,Louisiana,,1987.0,1947.0,,,N,,40.0,,Y,N,,,Long,Russell,B.
275,L000304,"Lieberman, Joseph I.",Independent Democrat,Connecticut,,2013.0,1989.0,,,N,,24.0,,Y,N,,,Lieberman,Joseph,I.
276,L000261,"Levin, Carl",Democratic,Michigan,,2015.0,1979.0,,,N,,36.0,,Y,N,,,Levin,Carl,
277,L000148,"Laxalt, Paul D.",Republican,Nevada,,1987.0,1973.0,,,N,,14.0,,Y,N,,,Laxalt,Paul,D.
278,L000123,"Lautenberg, Frank R.",Democratic,New Jersey,,2001.0,1983.0,,,N,,18.0,,Y,N,,,Lautenberg,Frank,R.
279,K000305,"Kohl, Herb",Democratic,Wisconsin,,2013.0,1989.0,,,N,,24.0,,Y,N,,,Kohl,Herb,
280,K000148,"Kerry, John F.",Democratic,Massachusetts,,2013.0,1985.0,,,N,,28.0,,Y,N,,,Kerry,John,F.
281,K000146,"Kerrey, J. Robert",Democratic,Nebraska,,2001.0,1989.0,,,N,,12.0,,Y,N,,,Kerrey,J.,Robert
282,K000105,"Kennedy, Edward M.",Democratic,Massachusetts,,2009.0,1961.0,,,N,,48.0,,Y,N,,,Kennedy,Edward,M.
283,K000088,"Kempthorne, Dirk",Republican,Idaho,,1999.0,1993.0,,,N,,6.0,,Y,N,,,Kempthorne,Dirk,
284,K000017,"Kassebaum, Nancy Landon",Republican,Kansas,,1997.0,1979.0,,,N,,18.0,,Y,N,,,Kassebaum,Nancy,Landon
285,K000011,"Karnes, David K.",Republican,Nebraska,,1989.0,1987.0,,,N,,2.0,,Y,N,,,Karnes,David,K.
286,J000189,"Johnston, J. Bennett",Democratic,Louisiana,,1997.0,1971.0,,,N,,26.0,,Y,N,,,Johnston,J.,Bennett
287,J000101,"Jepsen, Roger W.",Republican,Iowa,,1985.0,1979.0,,,N,,6.0,,Y,N,,,Jepsen,Roger,W.
288,J000064,"Javits, Jacob K.",Republican,New York,,1981.0,1957.0,1947.0,1955.0,N,N,24.0,8.0,Y,Y,,,Javits,Jacob,K.
289,J000013,"Jackson, Henry M.",Democratic,Washington,,1985.0,1953.0,1941.0,1953.0,N,N,32.0,12.0,Y,Y,,,Jackson,Henry,M.
290,I000025,"Inouye, Daniel K.",Democratic,Hawaii,,2012.0,1963.0,1959.0,1963.0,N,N,49.0,4.0,Y,Y,,,Inouye,Daniel,K.
291,H001016,"Hutchison, Kay Bailey",Republican,Texas,,2013.0,1993.0,,,N,,20.0,,Y,N,,,Hutchison,Kay,Bailey
292,H000956,"Humphrey, Muriel",Democratic,Minnesota,,1979.0,1977.0,,,N,,2.0,,Y,N,,,Humphrey,Muriel,
293,H000953,"Humphrey, Hubert H.",Democratic,Minnesota,,1965.0,1949.0,,,N,,16.0,,Y,N,,,Humphrey,Hubert,H.
294,H000951,"Humphrey, Gordon J.",Republican,New Hampshire,,1991.0,1979.0,,,N,,12.0,,Y,N,,,Humphrey,Gordon,J.
295,H000922,"Hughes, Harold E.",Democratic,Iowa,,1975.0,1969.0,,,N,,6.0,,Y,N,,,Hughes,Harold,E.
296,H000905,"Huddleston, Walter ",Democratic,Kentucky,,1985.0,1973.0,,,N,,12.0,,Y,N,,Dee,Huddleston,Walter,
297,H000875,"Hruska, Roman L.",Republican,Nebraska,,1977.0,1953.0,,,N,,24.0,,Y,N,,,Hruska,Roman,L.
298,H000725,"Hollings, Ernest F.",Democratic,South Carolina,,2005.0,1965.0,,,N,,40.0,,Y,N,,,Hollings,Ernest,F.
299,H000675,"Hodges, Kaneaster, ",Democratic,Arkansas,,1979.0,1977.0,,,N,,2.0,,Y,N,Jr.,,Hodges,Kaneaster,
300,H000463,"Helms, Jesse",Republican,North Carolina,,2003.0,1973.0,,,N,,30.0,,Y,N,,,Helms,Jesse,
301,H000445,"Heflin, Howell",Democratic,Alabama,,1997.0,1979.0,,,N,,18.0,,Y,N,,,Heflin,Howell,
302,H000439,"Hecht, Chic",Republican,Nevada,,1989.0,1983.0,,,N,,6.0,,Y,N,,,Hecht,Chic,
303,H000384,"Hayakawa, Samuel Ichiye",Republican,California,,1983.0,1977.0,,,N,,6.0,,Y,N,,,Hayakawa,Samuel,Ichiye
304,H000374,"Hawkins, Paula",Republican,Florida,,1987.0,1981.0,,,N,,6.0,,Y,N,,,Hawkins,Paula,
305,H000346,"Hathaway, William D.",Democratic,Maine,,1979.0,1973.0,1965.0,1973.0,N,N,6.0,8.0,Y,Y,,,Hathaway,William,D.
306,H000344,"Hatfield, Paul",Democratic,Montana,,1979.0,1977.0,,,N,,2.0,,Y,N,,,Hatfield,Paul,
307,H000343,"Hatfield, Mark O.",Republican,Oregon,,1997.0,1967.0,,,N,,30.0,,Y,N,,,Hatfield,Mark,O.
308,H000338,"Hatch, Orrin G.",Republican,Utah,,2019.0,1977.0,,,N,,42.0,,Y,N,,,Hatch,Orrin,G.
309,H000317,"Haskell, Floyd K.",Democratic,Colorado,,1979.0,1973.0,,,N,,6.0,,Y,N,,,Haskell,Floyd,K.
310,H000297,"Hartke, Vance",Democratic,Indiana,,1977.0,1959.0,,,N,,18.0,,Y,N,,,Hartke,Vance,
311,H000291,"Hart, Philip A.",Democratic,Michigan,,1977.0,1959.0,,,N,,18.0,,Y,N,,,Hart,Philip,A.
312,H000287,"Hart, Gary W.",Democratic,Colorado,,1987.0,1975.0,,,N,,12.0,,Y,N,,,Hart,Gary,W.
313,H000170,"Hansen, Clifford P.",Republican,Wyoming,,1979.0,1967.0,,,N,,12.0,,Y,N,,,Hansen,Clifford,P.
314,G000531,"Gurney, Edward J.",Republican,Florida,,1975.0,1973.0,1963.0,1969.0,N,N,2.0,6.0,Y,Y,,,Gurney,Edward,J.
315,G000465,"Griffin, Robert P.",Republican,Michigan,,1979.0,1973.0,1957.0,1965.0,N,N,6.0,8.0,Y,Y,,,Griffin,Robert,P.
316,G000388,"Gravel, Mike",Democratic,Alaska,,1981.0,1969.0,,,N,,12.0,,Y,N,,,Gravel,Mike,
317,G000352,"Graham, Bob",Democratic,Florida,,2005.0,1987.0,,,N,,18.0,,Y,N,,,Graham,Bob,
318,G000333,"Gorton, Slade",Republican,Washington,,1987.0,1981.0,,,N,,6.0,,Y,N,,,Gorton,Slade,
319,G000267,"Goldwater, Barry",Republican,Arizona,,1965.0,1953.0,,,N,,12.0,,Y,N,,,Goldwater,Barry,
320,G000236,"Glenn, John H., ",Democratic,Ohio,,1999.0,1975.0,,,N,,24.0,,Y,N,Jr.,,Glenn,John,H.
321,G000072,"Garn, E. J. ",Republican,Utah,,1993.0,1975.0,,,N,,18.0,,Y,N,,Jake,Garn,E.,J.
322,F000401,"Fulbright, James",Democratic,Arkansas,,1947.0,1945.0,1943.0,1945.0,N,N,2.0,2.0,Y,Y,,,Fulbright,James,
323,F000439,"Frist, William H.",Republican,Tennessee,,2007.0,1995.0,,,N,,12.0,,Y,N,,,Frist,William,H.
324,F000438,"Frahm, Sheila",Republican,Kansas,,1997.0,1995.0,,,N,,2.0,,Y,N,,,Frahm,Sheila,
325,F000268,"Ford, Wendell H.",Democratic,Kentucky,,1999.0,1975.0,,,N,,24.0,,Y,N,,,Ford,Wendell,H.
326,F000245,"Fong, Hiram L.",Republican,Hawaii,,1977.0,1959.0,,,N,,18.0,,Y,N,,,Fong,Hiram,L.
327,F000061,"Feingold, Russell D.",Democratic,Wisconsin,,2011.0,1993.0,,,N,,18.0,,Y,N,,,Feingold,Russell,D.
328,F000013,"Fannin, Paul J.",Republican,Arizona,,1977.0,1965.0,,,N,,12.0,,Y,N,,,Fannin,Paul,J.
329,F000437,"Faircloth, Lauch",Republican,North Carolina,,1999.0,1993.0,,,N,,6.0,,Y,N,,,Faircloth,Lauch,
330,E000284,"Exon, J. James",Democratic,Nebraska,,1997.0,1979.0,,,N,,18.0,,Y,N,,,Exon,J.,James
331,E000236,"Evans, Daniel J.",Republican,Washington,,1989.0,1983.0,,,N,,6.0,,Y,N,,,Evans,Daniel,J.
332,E000211,"Ervin, Sam J., ",Democratic,North Carolina,,1975.0,1973.0,1945.0,1947.0,N,N,2.0,2.0,Y,Y,Jr.,,Ervin,Sam,J.
333,E000018,"Eastland, James O.",Democratic,Mississippi,,1979.0,1941.0,,,N,,38.0,,Y,N,,,Eastland,James,O.
334,E000017,"East, John P.",Republican,North Carolina,,1987.0,1981.0,,,N,,6.0,,Y,N,,,East,John,P.
335,E000004,"Eagleton, Thomas F.",Democratic,Missouri,,1987.0,1967.0,,,N,,20.0,,Y,N,,,Eagleton,Thomas,F.
336,D000574,"Durkin, John A.",Democratic,New Hampshire,,1981.0,1975.0,,,N,,6.0,,Y,N,,,Durkin,John,A.
337,D000409,"Dominick, Peter H.",Republican,Colorado,,1975.0,1973.0,1961.0,1963.0,N,N,2.0,2.0,Y,Y,,,Dominick,Peter,H.
338,D000407,"Domenici, Pete V.",Republican,New Mexico,,2009.0,1973.0,,,N,,36.0,,Y,N,,,Domenici,Pete,V.
339,D000401,"Dole, Robert J.",Republican,Kansas,,1997.0,1969.0,1961.0,1969.0,N,N,28.0,8.0,Y,Y,,,Dole,Robert,J.
340,D000366,"Dixon, Alan J.",Democratic,Illinois,,1993.0,1981.0,,,N,,12.0,,Y,N,,,Dixon,Alan,J.
341,D000259,"Denton, Jeremiah",Republican,Alabama,,1987.0,1981.0,,,N,,6.0,,Y,N,,,Denton,Jeremiah,
342,D000185,"DeConcini, Dennis",Democratic,Arizona,,1995.0,1977.0,,,N,,18.0,,Y,N,,,DeConcini,Dennis,
343,D000030,"Danforth, John C.",Republican,Missouri,,1995.0,1977.0,,,N,,18.0,,Y,N,,,Danforth,John,C.
344,D000018,"D'Amato, Alfonse",Republican,New York,,1999.0,1981.0,,,N,,18.0,,Y,N,,,D'Amato,Alfonse,
345,C001006,"Curtis, Carl T.",Republican,Nebraska,,1979.0,1955.0,1939.0,1955.0,N,N,24.0,16.0,Y,Y,,,Curtis,Carl,T.
346,C000877,"Cranston, Alan",Democratic,California,,1993.0,1969.0,,,N,,24.0,,Y,N,,,Cranston,Alan,
347,C000813,"Coverdell, Paul",Republican,Georgia,,2000.0,1993.0,,,N,,7.0,,Y,N,,,Coverdell,Paul,
348,C000705,"Conrad, Kent",Democratic,North Dakota,,2013.0,1987.0,,,N,,26.0,,Y,N,,,Conrad,Kent,
349,C000567,"Cochran, Thad",Republican,Mississippi,,2018.0,1979.0,1973.0,1979.0,N,N,39.0,6.0,Y,Y,,,Cochran,Thad,
350,C000448,"Clark, Dick",Democratic,Iowa,,1979.0,1973.0,,,N,,6.0,,Y,N,,,Clark,Dick,
351,C000388,"Church, Frank",Democratic,Idaho,,1981.0,1957.0,,,N,,24.0,,Y,N,,,Church,Frank,
352,C000356,"Chiles, Lawton",Democratic,Florida,,1989.0,1971.0,,,N,,18.0,,Y,N,,,Chiles,Lawton,
353,C000269,"Chafee, John H.",Republican,Rhode Island,,1999.0,1977.0,,,N,,22.0,,Y,N,,,Chafee,John,H.
354,C000220,"Case, Clifford P.",Republican,New Jersey,,1979.0,1955.0,1945.0,1955.0,N,N,24.0,10.0,Y,Y,,,Case,Clifford,P.
355,C000120,"Cannon, Howard W.",Democratic,Nevada,,1983.0,1959.0,,,N,,24.0,,Y,N,,,Cannon,Howard,W.
356,B001209,"Byrd, Harry F.,  ",Independent,Virginia,,1983.0,1965.0,,,N,,18.0,,Y,N,Jr.,,Byrd,Harry,F.
357,B001210,"Byrd, Robert C.",Democratic,West Virginia,,2010.0,1959.0,1953.0,1959.0,N,N,51.0,6.0,Y,Y,,,Byrd,Robert,C.
358,B001126,"Burns, Conrad R.",Republican,Montana,,2007.0,1989.0,,,N,,18.0,,Y,N,,,Burns,Conrad,R.
359,B001077,"Burdick, Quentin N.",Democratic,North Dakota,,1993.0,1959.0,,,N,,34.0,,Y,N,,,Burdick,Quentin,N.
360,B001076,"Burdick, Jocelyn",Democratic,North Dakota,,1993.0,1991.0,,,N,,2.0,,Y,N,,,Burdick,Jocelyn,
361,B001057,"Bumpers, Dale",Democratic,Arkansas,,1999.0,1975.0,,,N,,24.0,,Y,N,,,Bumpers,Dale,
362,B001026,"Buckley, James L.",Republican,New York,,1977.0,1971.0,,,N,,6.0,,Y,N,,,Buckley,James,L.
363,B000993,"Bryan, Richard H.",Democratic,Nevada,,2001.0,1989.0,,,N,,12.0,,Y,N,,,Bryan,Richard,H.
364,B000871,"Brooke, Edward W.",Republican,Massachusetts,,1979.0,1967.0,,,N,,12.0,,Y,N,,,Brooke,Edward,W.
365,B000851,"Brock, Bill",Republican,Tennessee,,1977.0,1971.0,1963.0,1971.0,N,N,6.0,8.0,Y,Y,,,Brock,Bill,
366,B000756,"Brady, Nicholas",Republican,New Jersey,,1983.0,1981.0,,,N,,2.0,,Y,N,,,Brady,Nicholas,
367,B001225,"Bradley, Bill",Democratic,New Jersey,,1997.0,1979.0,,,N,,18.0,,Y,N,,,Bradley,Bill,
368,B000647,"Boschwitz, Rudy",Republican,Minnesota,,1991.0,1979.0,,,N,,12.0,,Y,N,,,Boschwitz,Rudy,
369,B000639,"Boren, David L.",Democratic,Oklahoma,,1995.0,1979.0,,,N,,16.0,,Y,N,,,Boren,David,L.
370,B000611,"Bond, Christopher S.",Republican,Missouri,,2011.0,1987.0,,,N,,24.0,,Y,N,,,Bond,Christopher,S.
371,B000468,"Bingaman, Jeff",Democratic,New Mexico,,2013.0,1983.0,,,N,,30.0,,Y,N,,,Bingaman,Jeff,
372,B000444,"Biden, Joseph R., ",Democratic,Delaware,,2009.0,1973.0,,,N,,36.0,,Y,N,Jr.,,Biden,Joseph,R.
373,B000436,"Bible, Alan",Democratic,Nevada,,1975.0,1953.0,,,N,,22.0,,Y,N,,,Bible,Alan,
374,W000154,"Warner, John",Republican,Virginia,,2009.0,1979.0,,,N,,30.0,,Y,N,,,Warner,John,
375,S001142,"Smith, Gordon H.",Republican,Oregon,,2009.0,1997.0,,,N,,12.0,,Y,N,,,Smith,Gordon,H.
376,L000035,"Lincoln, Blanche L.",Democratic,Arkansas,,2011.0,1999.0,1993.0,1997.0,N,N,12.0,4.0,Y,Y,,,Lincoln,Blanche,L.
377,L000550,"Landrieu, Mary L.",Democratic,Louisiana,,2015.0,1997.0,,,N,,18.0,,Y,N,,,Landrieu,Mary,L.
378,P000590,"Pryor, Mark L.",Democratic,Arkansas,,2015.0,2003.0,,,N,,12.0,,Y,N,,,Pryor,Mark,L.
379,D000601,"Dole, Elizabeth",Republican,North Carolina,,2009.0,2003.0,,,N,,6.0,,Y,N,,,Dole,Elizabeth,
380,C001057,"Coleman, Norm",Republican,Minnesota,,2009.0,2003.0,,,N,,6.0,,Y,N,,,Coleman,Norm,
381,A000360,"Alexander, Lamar",Republican,Tennessee,,2021.0,2003.0,,,N,,18.0,,Y,N,,,Alexander,Lamar,
382,B001237,"Barkley, Dean M.",Independent,Minnesota,,2003.0,2002.0,,,N,,1.0,,Y,N,,,Barkley,Dean,M.
383,C001043,"Carnahan, Jean",Democratic,Missouri,,2002.0,2001.0,,,N,,1.0,,Y,N,,,Carnahan,Jean,
384,F000444,"Flake, Jeff",Republican,Arizona,,2019.0,2013.0,2001.0,2013.0,N,N,6.0,12.0,Y,Y,,,Flake,Jeff,
385,C001042,"Corzine, Jon S.",Democratic,New Jersey,,2006.0,2001.0,,,N,,5.0,,Y,N,,,Corzine,Jon,S.
386,N000180,"Nelson, Ben",Democratic,Nebraska,,2013.0,2001.0,,,N,,12.0,,Y,N,,,Nelson,Ben,
387,D000596,"Dayton, Mark",Democratic,Minnesota,,2007.0,2001.0,,,N,,6.0,,Y,N,,,Dayton,Mark,
388,M001141,"Miller, Zell",Democratic,Georgia,,2005.0,2000.0,,,N,,5.0,,Y,N,,,Miller,Zell,
389,C001040,"Chafee, Lincoln",Republican,Rhode Island,,2007.0,1999.0,,,N,,8.0,,Y,N,,,Chafee,Lincoln,
390,C000858,"Craig, Larry E.",Republican,Idaho,,2009.0,1991.0,1981.0,1991.0,N,N,18.0,10.0,Y,Y,,,Craig,Larry,E.
391,C000598,"Cohen, William S.",Republican,Maine,,1997.0,1979.0,1973.0,1979.0,N,N,18.0,6.0,Y,Y,,,Cohen,William,S.
392,C000560,"Coburn, Tom",Republican,Oklahoma,,2015.0,2005.0,1995.0,2001.0,N,N,10.0,6.0,Y,Y,,,Coburn,Tom,
393,C000542,"Coats, Daniel",Republican,Indiana,,1999.0,1989.0,1981.0,1989.0,N,N,10.0,8.0,Y,Y,,,Coats,Daniel,
394,C000286,"Chambliss, Saxby",Republican,Georgia,,2015.0,2003.0,1995.0,2003.0,N,N,12.0,8.0,Y,Y,,,Chambliss,Saxby,
395,C000077,"Campbell, Ben Nighthorse",Republican,Colorado,,2005.0,1993.0,1987.0,1993.0,N,N,12.0,6.0,Y,Y,,,Campbell,Ben,Nighthorse
396,B001066,"Bunning, Jim",Republican,Kentucky,,2011.0,1999.0,1987.0,1999.0,N,N,12.0,12.0,Y,Y,,,Bunning,Jim,
397,B000953,"Brownback, Sam",Republican,Kansas,,2011.0,1996.0,1995.0,1996.0,N,N,15.0,1.0,Y,Y,,,Brownback,Sam,
398,B000919,"Brown, Hank",Republican,Colorado,,1997.0,1991.0,1981.0,1991.0,N,N,6.0,10.0,Y,Y,,,Brown,Hank,
399,B000243,"Baucus, Max",Democratic,Montana,,2014.0,1979.0,1975.0,1979.0,N,N,35.0,4.0,Y,Y,,,Baucus,Max,
400,A000219,"Armstrong, William L.",Republican,Colorado,,1991.0,1979.0,1973.0,1979.0,N,N,12.0,6.0,Y,Y,,,Armstrong,William,L.
401,A000208,"Andrews, Mark",Republican,North Dakota,,1987.0,1981.0,1963.0,1981.0,N,N,6.0,18.0,Y,Y,,,Andrews,Mark,
402,A000121,"Allen, George",Republican,Virginia,,2007.0,2001.0,1991.0,1993.0,N,N,6.0,2.0,Y,Y,,,Allen,George,
403,A000109,"Allard, Wayne",Republican,Colorado,,2009.0,1997.0,1991.0,1997.0,N,N,12.0,6.0,Y,Y,,,Allard,Wayne,
404,A000069,"Akaka, Daniel K.",Democratic,Hawaii,,2013.0,1990.0,1977.0,1991.0,N,N,23.0,14.0,Y,Y,,,Akaka,Daniel,K.
405,A000031,"Adams, Brock",Democratic,Washington,,1993.0,1987.0,1965.0,1979.0,N,N,6.0,14.0,Y,Y,,,Adams,Brock,
406,A000009,"Abdnor, James",Republican,South Dakota,,1987.0,1981.0,1973.0,1981.0,N,N,6.0,8.0,Y,Y,,,Abdnor,James,
407,E000194,"Ensign, John",Republican,Nevada,,2011.0,2001.0,1995.0,1999.0,N,N,10.0,4.0,Y,Y,,,Ensign,John,
408,D000432,"Dorgan, Byron L.",Democratic,North Dakota,,2011.0,1991.0,1981.0,1993.0,N,N,20.0,12.0,Y,Y,,,Dorgan,Byron,L.
409,D000388,"Dodd, Christopher J.",Democratic,Connecticut,,2011.0,1981.0,1975.0,1981.0,N,N,30.0,6.0,Y,Y,,,Dodd,Christopher,J.
410,C000979,"Culver, John C.",Democratic,Iowa,,1981.0,1975.0,1965.0,1975.0,N,N,6.0,10.0,Y,Y,,,Culver,John,C.
411,K000352,"Kyl, Jon",Republican,Arizona,,2013.0,1995.0,1987.0,1995.0,N,N,18.0,8.0,Y,Y,,,Kyl,Jon,
412,K000019,"Kasten, Robert W., ",Republican,Wisconsin,,1993.0,1981.0,1975.0,1979.0,N,N,12.0,4.0,Y,Y,Jr.,,Kasten,Robert,W.
413,J000177,"Johnson, Tim",Democratic,South Dakota,,2015.0,1997.0,1987.0,1997.0,N,N,18.0,10.0,Y,Y,,,Johnson,Tim,
414,J000072,"Jeffords, James M.",Independent,Vermont,,2007.0,1989.0,1975.0,1989.0,N,N,18.0,14.0,Y,Y,,,Jeffords,James,M.
415,H001015,"Hutchinson, Tim",Republican,Arkansas,,2003.0,1997.0,1993.0,1997.0,N,N,6.0,4.0,Y,Y,,,Hutchinson,Tim,
416,H000456,"Heinz, John",Republican,Pennsylvania,,1993.0,1977.0,1971.0,1977.0,N,N,16.0,6.0,Y,Y,,,Heinz,John,
417,H000206,"Harkin, Tom",Democratic,Iowa,,2015.0,1985.0,1975.0,1985.0,N,N,30.0,10.0,Y,Y,,,Harkin,Tom,
418,G000445,"Gregg, Judd",Republican,New Hampshire,,2011.0,1993.0,1981.0,1989.0,N,N,18.0,8.0,Y,Y,,,Gregg,Judd,
419,G000367,"Grams, Rod",Republican,Minnesota,,2001.0,1995.0,1993.0,1995.0,N,N,6.0,2.0,Y,Y,,,Grams,Rod,
420,G000365,"Gramm, Phil",Republican,Texas,,2002.0,1985.0,1979.0,1985.0,N,N,17.0,6.0,Y,Y,,,Gramm,Phil,
421,G000321,"Gore, Albert, ",Democratic,Tennessee,,1993.0,1985.0,1977.0,1985.0,N,N,8.0,8.0,Y,Y,Jr.,,Gore,Albert,
422,F000329,"Fowler, Wyche, ",Democratic,Georgia,,1993.0,1987.0,1977.0,1987.0,N,N,6.0,10.0,Y,Y,Jr.,,Fowler,Wyche,
